ga_weeks,group,p5_cm,p10_cm,p50_cm,p90_cm,p95_cm
17,para0_girls,9.3,11.7,23.6,41.1,48.4
17,para0_boys,9.3,11.7,23.6,41.1,48.4
17,para1plus_girls,9.3,11.7,23.6,41.1,48.4
17,para1plus_boys,9.3,11.7,23.6,41.1,48.4
18,para0_girls,10.7,13.2,25.2,42.6,49.9
18,para0_boys,10.7,13.2,25.2,42.6,49.9
18,para1plus_girls,10.7,13.2,25.2,42.6,49.9
18,para1plus_boys,10.7,13.2,25.2,42.6,49.9
19,para0_girls,12.1,14.7,26.8,44.1,51.4
19,para0_boys,12.1,14.7,26.8,44.1,51.4
19,para1plus_girls,12.1,14.7,26.8,44.1,51.4
19,para1plus_boys,12.1,14.7,26.8,44.1,51.4
20,para0_girls,13.5,16.2,28.4,45.7,52.9
20,para0_boys,13.5,16.2,28.4,45.7,52.9
20,para1plus_girls,13.5,16.2,28.4,45.7,52.9
20,para1plus_boys,13.5,16.2,28.4,45.7,52.9
21,para0_girls,14.9,17.7,30.0,47.2,54.4
21,para0_boys,14.9,17.7,30.0,47.2,54.4
21,para1plus_girls,14.9,17.7,30.0,47.2,54.4
21,para1plus_boys,14.9,17.7,30.0,47.2,54.4
22,para0_girls,16.3,19.2,31.6,48.8,55.9
22,para0_boys,16.3,19.2,31.6,48.8,55.9
22,para1plus_girls,16.3,19.2,31.6,48.8,55.9
22,para1plus_boys,16.3,19.2,31.6,48.8,55.9
23,para0_girls,17.7,20.7,33.2,50.4,57.4
23,para0_boys,17.7,20.7,33.2,50.4,57.4
23,para1plus_girls,17.7,20.7,33.2,50.4,57.4
23,para1plus_boys,17.7,20.7,33.2,50.4,57.4
24,para0_girls,19.2,22.2,34.8,51.9,58.9
24,para0_boys,19.2,22.2,34.8,51.9,58.9
24,para1plus_girls,19.2,22.2,34.8,51.9,58.9
24,para1plus_boys,19.2,22.2,34.8,51.9,58.9
25,para0_girls,20.6,23.7,36.4,53.5,60.5
25,para0_boys,20.6,23.7,36.4,53.5,60.5
25,para1plus_girls,20.6,23.7,36.4,53.5,60.5
25,para1plus_boys,20.6,23.7,36.4,53.5,60.5
26,para0_girls,22.0,25.2,38.1,55.1,62.0
26,para0_boys,22.0,25.2,38.1,55.1,62.0
26,para1plus_girls,22.0,25.2,38.1,55.1,62.0
26,para1plus_boys,22.0,25.2,38.1,55.1,62.0
27,para0_girls,23.4,26.7,39.7,56.7,63.6
27,para0_boys,23.4,26.7,39.7,56.7,63.6
27,para1plus_girls,23.4,26.7,39.7,56.7,63.6
27,para1plus_boys,23.4,26.7,39.7,56.7,63.6
28,para0_girls,24.0,27.5,40.5,57.3,63.9
28,para0_boys,25.0,28.3,41.3,58.1,65.1
28,para1plus_girls,24.7,28.2,41.3,58.3,65.2
28,para1plus_boys,25.6,28.9,42.1,59.6,65.1
29,para0_girls,25.3,28.9,42.0,58.7,65.3
29,para0_boys,26.4,29.8,42.9,59.7,66.6
29,para1plus_girls,26.1,29.8,43.0,59.9,66.8
29,para1plus_boys,27.1,30.5,43.9,61.3,66.6
30,para0_girls,26.6,30.2,43.4,60.2,66.7
30,para0_boys,27.9,31.3,44.5,61.2,68.3
30,para1plus_girls,27.6,31.2,44.5,61.6,68.4
30,para1plus_boys,28.6,32.1,45.6,63.1,68.3
31,para0_girls,28.0,31.6,44.9,61.7,68.2
31,para0_boys,29.3,32.8,46.1,62.9,70.0
31,para1plus_girls,29.0,32.8,46.1,63.3,70.1
31,para1plus_boys,30.2,33.7,47.3,65.0,70.0
32,para0_girls,29.3,32.9,46.3,63.3,69.8
32,para0_boys,30.7,34.3,47.6,64.6,71.7
32,para1plus_girls,30.5,34.3,47.7,65.0,71.8
32,para1plus_boys,31.7,35.3,49.0,66.9,71.7
33,para0_girls,30.6,34.3,47.7,64.9,71.4
33,para0_boys,32.1,35.7,49.0,66.3,73.4
33,para1plus_girls,31.9,35.7,49.2,66.6,73.5
33,para1plus_boys,33.2,36.8,50.6,68.8,73.4
34,para0_girls,31.9,35.6,49.1,66.5,73.0
34,para0_boys,33.5,37.1,50.5,67.9,75.1
34,para1plus_girls,33.2,37.1,50.8,68.3,75.1
34,para1plus_boys,34.6,38.3,52.3,70.7,75.1
35,para0_girls,33.2,36.9,50.5,68.0,74.6
35,para0_boys,34.8,38.6,51.9,69.5,76.8
35,para1plus_girls,34.6,38.4,52.3,69.9,76.8
35,para1plus_boys,36.1,39.8,53.9,72.6,76.8
36,para0_girls,34.5,38.2,51.9,69.6,76.2
36,para0_boys,36.2,40.0,53.4,71.1,78.5
36,para1plus_girls,36.0,39.8,53.8,71.6,78.5
36,para1plus_boys,37.5,41.3,55.5,74.5,78.5
37,para0_girls,35.8,39.5,53.3,71.1,77.8
37,para0_boys,37.6,41.4,54.9,72.8,80.2
37,para1plus_girls,37.3,41.2,55.3,73.3,80.1
37,para1plus_boys,38.9,42.9,57.2,76.4,80.2
38,para0_girls,37.1,40.8,54.7,72.7,79.4
38,para0_boys,38.9,42.8,56.3,74.4,81.9
38,para1plus_girls,38.7,42.6,56.8,74.9,81.8
38,para1plus_boys,40.4,44.4,58.8,78.3,81.9
39,para0_girls,38.4,42.1,56.1,74.2,81.1
39,para0_boys,40.3,44.3,57.8,76.1,83.7
39,para1plus_girls,40.1,43.9,58.3,76.6,83.5
39,para1plus_boys,41.8,45.9,60.4,80.2,83.7
40,para0_girls,39.7,43.4,57.5,75.8,82.7
40,para0_boys,41.7,45.7,59.3,77.7,85.4
40,para1plus_girls,41.4,45.3,59.9,78.3,85.2
40,para1plus_boys,43.2,47.4,62.1,82.1,85.4
41,para0_girls,41.0,44.7,58.9,77.4,84.4
41,para0_boys,43.1,47.1,60.7,79.4,87.1
41,para1plus_girls,42.8,46.7,61.4,79.9,86.9
41,para1plus_boys,44.7,48.9,63.7,84.1,87.1
42,para0_girls,42.3,46.1,60.3,79.0,86.0
42,para0_boys,44.4,48.5,62.2,81.0,88.9
42,para1plus_girls,44.2,48.1,62.9,81.6,88.6
42,para1plus_boys,46.1,50.4,65.3,86.0,88.9
